CHROM,delly,manta,basil,lumpy,AVERAGE
I,"(230839,)","(230839,)",-1,"(230840,)",230839
I,-1,"(11175582,)","(11175592,)",-1,11175587
I,-1,-1,"(230276,)","(230275,)",230275
I,-1,-1,"(1382017,)","(1382017,)",1382017
I,-1,"(8054335,)",-1,"(8054365,)",8054350
I,"(14425442,)","(14425428,)",-1,"(14425428,)",14425432
I,"(14005351, 14005360)",-1,-1,"(14005360,)",21008035
I,"(12093609,)",-1,-1,"(12093615,)",12093612
I,"(11148805,)","(11148805,)",-1,"(11148805,)",11148805
I,"(10946947,)",-1,-1,"(10946946,)",10946946
I,-1,"(6521294,)","(6521298,)",-1,6521296
I,"(10946263,)",-1,-1,"(10946261,)",10946262
I,"(4540497, 4540512)",-1,-1,"(4540495,)",6810752
I,"(2652488,)","(2652464,)",-1,-1,2652476
I,"(2384048,)","(2384048,)",-1,-1,2384048
I,"(2383604,)","(2383603,)",-1,"(2383603,)",2383603
I,"(669747,)",-1,-1,"(669746,)",669746
I,"(238429,)",-1,-1,"(238433,)",238431
I,"(10946628,)",-1,-1,"(10946627,)",10946627
I,"(232751,)","(232736,)",-1,"(232749, 232750)",310328
I,"(1001403,)",-1,-1,"(1001402,)",1001402
II,"(15049131,)",-1,-1,"(15049131,)",15049131
II,"(15049560,)","(15049557, 15049570)",-1,"(15049546, 15049558)",25082597
II,"(15240960,)",-1,-1,"(15240959,)",15240959
II,"(3796586, 3796637)",-1,-1,"(3796615,)",5694919
II,-1,"(6669184,)","(6669185,)",-1,6669184
II,-1,"(5099856,)",-1,"(5099856,)",5099856
II,"(13984939,)",-1,-1,"(13984938,)",13984938
II,-1,"(12803760,)",-1,"(12803749,)",12803754
II,-1,"(15050140,)",-1,"(15050141,)",15050140
II,-1,"(2141116,)",-1,"(2141128,)",2141122
II,"(12822277,)",-1,-1,"(12822276,)",12822276
II,"(13583082,)","(13583084,)",-1,"(13583098,)",13583088
II,"(3796586,)",-1,-1,"(3796615,)",3796600
II,"(2897941,)",-1,-1,"(2897968,)",2897954
II,"(3539571,)",-1,-1,"(3539570,)",3539570
II,"(11704655,)","(11704655,)",-1,-1,11704655
II,"(3796637,)",-1,-1,"(3796615,)",3796626
II,"(5096210,)","(5096209,)",-1,"(5096209,)",5096209
II,"(2467431,)",-1,-1,"(2467415,)",2467423
II,"(5099553,)","(5099553,)",-1,"(5099553,)",5099553
II,"(6758980,)","(6758979,)",-1,"(6758979,)",6758979
II,"(6760512,)","(6760512,)",-1,"(6760512, 6760513)",9014016
II,"(6761122,)","(6761122,)",-1,"(6761121, 6761122)",9014829
II,"(8262654,)",-1,-1,"(8262678,)",8262666
II,"(10122122,)","(10122121,)",-1,"(10122121,)",10122121
II,"(11211557,)","(11211551,)",-1,-1,11211554
II,"(6630114,)","(6630113,)",-1,"(6630113,)",6630113
II,"(2897724,)",-1,-1,"(2897723,)",2897723
III,"(13778121,)",-1,-1,"(13778121,)",13778121
III,-1,-1,"(13778978,)","(13778981,)",13778979
III,"(12376553, 12376565)",-1,-1,"(12376551,)",18564834
III,-1,"(9955971,)",-1,"(9955971,)",9955971
III,-1,"(6682894,)",-1,"(6682894,)",6682894
III,-1,"(2893360,)","(2893363,)",-1,2893361
III,-1,"(11563049,)",-1,"(11563031,)",11563040
III,"(11925808,)","(11925832,)",-1,"(11925807,)",11925815
III,"(2261463,)","(2261463,)",-1,-1,2261463
III,"(9096426, 9096456)","(9096426, 9096455)",-1,"(9096455, 9096426)",18192881
III,"(158849,)","(158848,)",-1,"(158848,)",158848
III,"(346582,)","(346581,)",-1,-1,346581
III,"(415333,)",-1,-1,"(415332,)",415332
III,"(481715,)",-1,-1,"(481714,)",481714
III,"(1286118,)",-1,-1,"(1286122,)",1286120
III,"(1286508,)","(1286507,)",-1,"(1286507,)",1286507
III,"(2841312,)",-1,-1,"(2841292,)",2841302
III,"(2943258,)",-1,-1,"(2943266,)",2943262
III,"(3011685,)",-1,-1,"(3011684,)",3011684
III,"(10407335, 10407341)","(10407335, 10407340)",-1,"(10407339, 10407340)",20814676
III,"(4404344,)","(4404344,)",-1,"(4404344,)",4404344
III,"(6645681,)",-1,-1,"(6645680,)",6645680
III,"(6649394,)","(6649394,)",-1,"(6649394,)",6649394
III,"(6682728,)","(6682735, 6682735)",-1,"(6682735, 6682735)",11137889
III,"(7265135,)","(7265135,)",-1,"(7265139,)",7265136
III,"(5507063,)",-1,-1,"(5507062,)",5507062
III,"(346668,)",-1,-1,"(346678,)",346673
IV,-1,"(2025947,)","(2025946,)",-1,2025946
IV,-1,"(7485251,)","(7485259,)",-1,7485255
IV,-1,"(8566417,)",-1,"(8566416,)",8566416
IV,-1,"(16571421,)",-1,"(16571451,)",16571436
IV,-1,"(17493072,)",-1,"(17493098,)",17493085
IV,"(16244179,)",-1,-1,"(16244204,)",16244191
IV,"(5950124,)",-1,-1,"(5950133,)",5950128
IV,"(8576576,)",-1,-1,"(8576574,)",8576575
IV,"(8574536,)",-1,-1,"(8574553,)",8574544
IV,"(8573706,)",-1,-1,"(8573683,)",8573694
IV,"(6358346,)",-1,-1,"(6358344,)",6358345
IV,"(3136171, 3136177)","(3136171, 3136172)","(3136175,)","(3136171,)",4704259
IV,"(2821058,)",-1,-1,"(2821057,)",2821057
IV,"(2374684,)",-1,-1,"(2374682,)",2374683
IV,"(8579912,)",-1,-1,"(8579910,)",8579911
IV,"(9046969,)",-1,-1,"(9046967,)",9046968
IV,"(11144469,)","(11144490,)",-1,"(11144468,)",11144475
IV,"(15080146,)",-1,-1,"(15080142,)",15080144
IV,"(15853997,)",-1,-1,"(15853995,)",15853996
IV,"(17460216,)","(17460216,)",-1,"(17460217,)",17460216
IV,"(1950188,)",-1,-1,"(1950186,)",1950187
IV,"(1831076,)",-1,-1,"(1831046,)",1831061
IV,"(427478,)",-1,-1,"(427477,)",427477
IV,"(17492404,)","(17492390,)",-1,"(17492403,)",17492399
IV,"(9852303,)",-1,-1,"(9852302,)",9852302
IV,"(9045874,)",-1,-1,"(9045873,)",9045873
MtDNA,"(19,)",-1,-1,"(9,)",14
V,"(265048,)",-1,-1,"(265065,)",265056
V,-1,"(8158794,)","(8158798,)",-1,8158796
V,-1,"(11690781,)","(11690792,)",-1,11690786
V,-1,"(14744909,)","(14744920,)",-1,14744914
V,-1,"(18211087,)","(18211089,)",-1,18211088
V,-1,"(19820306,)","(19820307,)",-1,19820306
V,-1,-1,"(16812056,)","(16812045,)",16812050
V,-1,"(2600122,)","(2600127,)",-1,2600124
V,"(226053,)","(226037,)",-1,-1,226045
V,"(265048,)",-1,-1,"(265065, 265092)",397602
V,"(15426625,)","(15426624,)",-1,"(15426624,)",15426624
V,"(10866852,)",-1,-1,"(10866850,)",10866851
V,"(12509960, 12509965)",-1,-1,"(12509959,)",18764942
V,"(13362656,)","(13362655,)",-1,"(13362655,)",13362655
V,"(14766647,)",-1,-1,"(14766646,)",14766646
V,"(7922528,)",-1,-1,"(7922527,)",7922527
V,"(17040192,)",-1,-1,"(17040190,)",17040191
V,"(17880261,)","(17880285,)",-1,"(17880260,)",17880268
V,"(18175000,)",-1,-1,"(18174999,)",18174999
V,"(19628302,)","(19628301,)",-1,"(19628301,)",19628301
V,"(19800133,)",-1,-1,"(19800132,)",19800132
V,"(19820219,)",-1,-1,"(19820224,)",19820221
V,"(20398648,)",-1,-1,"(20398658,)",20398653
V,"(6081822,)","(6081822,)",-1,"(6081822,)",6081822
V,"(4405080,)","(4405079,)",-1,"(4405079,)",4405079
V,"(4248555,)",-1,-1,"(4248554,)",4248554
V,"(3538528,)","(3538528,)",-1,"(3538529,)",3538528
V,"(2700976,)",-1,-1,"(2700974,)",2700975
V,"(2646673,)",-1,"(2646662,)","(2646656,)",2646663
V,"(1772204,)","(1772177,)",-1,-1,1772190
V,"(1712835,)",-1,-1,"(1712833,)",1712834
V,"(1712547,)",-1,-1,"(1712546,)",1712546
V,"(1105185,)",-1,-1,"(1105183,)",1105184
V,"(686153,)","(686153,)",-1,"(686153,)",686153
V,"(9439884,)","(9439884,)",-1,"(9439884,)",9439884
V,"(7923652,)",-1,-1,"(7923662,)",7923657
X,-1,"(3301753,)","(3301756,)","(3301753,)",3301754
X,-1,"(12199120,)",-1,"(12199124,)",12199122
X,"(1519510, 1519524)","(1519515,)","(1519520,)",-1,2026023
X,"(5284,)",-1,-1,"(5283,)",5283
X,"(216891,)","(216891,)",-1,"(216896,)",216892
X,"(17717105,)",-1,-1,"(17717106,)",17717105
X,"(15811136,)",-1,-1,"(15811135,)",15811135
X,"(14908147,)",-1,-1,"(14908145,)",14908146
X,"(14597552,)",-1,-1,"(14597550,)",14597551
X,"(13308026,)",-1,-1,"(13308025,)",13308025
X,"(466242,)","(466242,)",-1,-1,466242
X,"(10750418,)",-1,-1,"(10750416,)",10750417
X,"(9188033,)",-1,-1,"(9188031,)",9188032
X,"(8602839,)","(8602838,)",-1,"(8602838,)",8602838
X,"(6287268,)",-1,-1,"(6287267,)",6287267
X,"(4036365,)",-1,-1,"(4036394,)",4036379
X,"(1375309,)",-1,-1,"(1375307,)",1375308
X,"(12190992,)","(12190992,)",-1,"(12190996,)",12190993
